code	occupation	gender	conversations	birth-region	age-range	study-level	L1
BOI001	uff	M	PBC001	emilia-romagna	61-65	dip-tec-prof	italian
BOI002	comm	F	PBB001	estero	51-55	dip-lic	italian
BOI003	uff	F	PBB002	emilia-romagna	56-60	dip-tec-prof	italian
BOI004	intell	F	PBB003	emilia-romagna	46-50	dip-lic	italian
BOI005	uff	M	PBB003	emilia-romagna	51-55	dip-tec-prof	italian
BOI006	uff	F	PBA001	emilia-romagna	26-30	laurea	italian
BOI007	tec	F	PBC002	emilia-romagna	71-75	med	italian
BOI008	tec	M	PBC002	emilia-romagna	76-80	dip-lic	italian
BOI009	pens	F	PBC003	emilia-romagna	71-75	elem	italian
BOI010	pens	M	PBC003	emilia-romagna	71-75	med	italian
BOI011	pens	F	PBC004	emilia-romagna	66-70	laurea	italian
BOI012	oper	M	PBB004	emilia-romagna	56-60	dip-tec-prof	italian
BOI013	tec	F	PBB004	calabria	56-60	dip-tec-prof	italian
BOI014	pens	F	PBC005	emilia-romagna	76-80	dip-lic	italian
BOI015	tec	F	PBB005	emilia-romagna	56-60	dip-tec-prof	italian
BOI016	tec	M	PBB005	emilia-romagna	56-60	dip-tec-prof	italian
BOI017	artig	F	PBC006	emilia-romagna	66-70	dip-lic	italian
BOI018	tec	M	PBC006	emilia-romagna	71-75	laurea	italian
BOI019	pens	F	PBC007	emilia-romagna	over85	dip-lic	italian
BOI020	intell	M	PBB006	emilia-romagna	51-55	laurea	italian
BOI021	pens	F	PBC008	emilia-romagna	71-75	dip-lic	italian
BOI022	pens	M	PBC009	emilia-romagna	71-75	laurea	italian
BOI023	pens	F	PBC009	emilia-romagna	71-75	laurea	italian
BOI024	tec	F	PBB007	emilia-romagna	36-40	dip-tec-prof	italian
BOI025	comm	M	PBB007	emilia-romagna	31-35	dip-tec-prof	italian;other
BOI026	intell	F	PBB008	emilia-romagna	46-50	laurea	italian
BOI027	intell	M	PBB009	calabria	31-35	laurea	italian
BOI028	intell	F	PBB009	molise	71-75	laurea	italian
BOI029	intell	F	PBC010	emilia-romagna	61-65	laurea	italian
BOI030	comm	F	PBB010	estero	31-35	med	other
BOI031	comm	F	PBB011	basilicata	31-35	dip-tec-prof	italian
BOI032	pens	F	PBC011	emilia-romagna	76-80	dip-tec-prof	italian
BOI033	pens	F	PBC012	emilia-romagna	61-65	med	italian
BOI034	pens	M	PBC012	emilia-romagna	over85	elem	italian
BOI035	pens	F	PBC013	emilia-romagna	76-80	dip-tec-prof	italian
BOI036	pens	M	PBC014	emilia-romagna	76-80	elem	italian
BOI037	pens	M	PBC015	emilia-romagna	61-65	laurea	italian
BOI038	intell	M	PBC016	piemonte	61-65	laurea	italian
BOI039	comm	M	PBB012	emilia-romagna	51-55	laurea	italian
BOI040	oper	F	PBB013	emilia-romagna	46-50	dip-tec-prof	italian
BOI041	oper	F	PBB014	estero	46-50	dip-lic	italian;other
BOI042	pens	M	PBC017	emilia-romagna	71-75	med	italian
BOI043	pens	M	PBC018	emilia-romagna	71-75	med	italian
BOI044	pens	M	PBC019	emilia-romagna	66-70	dip-tec-prof	italian
BOI045	oper	M	PBB015	emilia-romagna	31-35	dip-tec-prof	italian
BOI046	oper	M	PBB015	campania	41-45	dip-tec-prof	italian
BOI047	pens	M	PBC020	emilia-romagna	71-75	dip-lic	italian
BOI048	pens	M	PBC020	emilia-romagna	71-75	dip-lic	italian
BOI049	disocc	M	PBB016	emilia-romagna	51-55	dip-tec-prof	italian
BOI050	uff	F	PBB017	sardegna	46-50	dip-lic	italian
BOI051	pens	F	PBC021	emilia-romagna	76-80	med	italian
BOI052	intell	F	PBB018	emilia-romagna	51-55	laurea	italian
BOI053	stud	F	PBA002	emilia-romagna	21-25	laurea-in-corso	italian
BOI054	artig	M	PBA002	emilia-romagna	26-30	dip-tec-prof	italian
BOI055	pens	F	PBC022	emilia-romagna	76-80	elem	dialect
BOI056	intell	F	PBA003	lazio	26-30	laurea	italian
BOI057	intell	F	PBB019	emilia-romagna	51-55	laurea	italian
BOI058	pens	F	PBC023	emilia-romagna	66-70	med	dialect
BOI059	intell	F	PBB020	emilia-romagna	36-40	laurea	italian
BOI060	oper	M	PBA004	emilia-romagna	21-25	dip-tec-prof	italian
BOI061	comm	F	PBA004	emilia-romagna	21-25	dip-tec-prof	italian
BOI062	stud	F	PBA004	calabria	21-25	laurea-in-corso	italian
BOI063	uff	M	PBA005	emilia-romagna	21-25	dip-tec-prof	italian
BOI064	disocc	F	PBA006	emilia-romagna	21-25	dip-lic	italian
BOI065	intell	F	PBA007	emilia-romagna	16-20	dip-lic	italian
BOI066	comm	F	PBA007	emilia-romagna	21-25	dip-lic	italian
BOI067	disocc	F	PBA008	emilia-romagna	21-25	dip-tec-prof	italian
BOI068	oper	F	PBA009	emilia-romagna	16-20	dip-tec-prof	italian
BOI069	artig	M	PBA010	emilia-romagna	21-25	med	italian
BOI070	comm	M	PBA011	emilia-romagna	21-25	dip-tec-prof	italian
BOI071	comm	M	PBA011	emilia-romagna	16-20	med	italian
BOI072	disocc	F	PBA012	emilia-romagna	21-25	dip-lic	italian
BOI073	stud	M	PBA012	lazio	21-25	laurea-in-corso	italian
BOI074	uff	M	PBA013	emilia-romagna	21-25	dip-tec-prof	italian
BOI075	stud	F	PBA013	calabria	21-25	laurea-in-corso	italian
BOI076	oper	M	PBA014	emilia-romagna	21-25	dip-tec-prof	italian
BOI077	stud	F	PBA015	emilia-romagna	16-20	laurea-in-corso	italian
BOI078	stud	M	PBA016	emilia-romagna	16-20	laurea-in-corso	italian
BOI079	stud	M	PBA016	emilia-romagna	16-20	laurea-in-corso	italian
BOI080	comm	M	PBA017	friuli-venezia-giulia	21-25	dip-lic	italian
BOI081	oper	M	PBA017	veneto	21-25	med	italian
BOI082	oper	M	PBA018	campania	21-25	dip-lic	italian
BOI083	disocc	M	PBA019	lazio	21-25	dip-tec-prof	italian
BOI084	uff	M	PBA019	lazio	21-25	dip-tec-prof	italian
BOI085	uff	M	PBB021	emilia-romagna	36-40	med	italian
BOI086	artig	F	PBB022	emilia-romagna	56-60	dip-tec-prof	italian
BOI087	uff	M	PBB023	emilia-romagna	51-55	dip-tec-prof	italian
BOI088	uff	F	PBB023	emilia-romagna	51-55	med	italian
BOI089	comm	M	PBA020	estero	21-25	dip-tec-prof	italian;other
BOI090	stud	F	PBA021	emilia-romagna	21-25	laurea-in-corso	italian
BOI091	uff	F	PBB024	emilia-romagna	46-50	dip-tec-prof	italian
BOI092	artig	F	PBB025	emilia-romagna	51-55	med	italian
BOI093	tec	F	PBB026	emilia-romagna	51-55	dip-tec-prof	italian
BOI094	tec	M	PBB026	emilia-romagna	56-60	dip-tec-prof	italian
BOI096	stud	F	PBA025	emilia-romagna	16-20	med	italian
BOI097	uff	M	PBB027	emilia-romagna	31-35	laurea	italian
BOI098	artig	M	PBB027	emilia-romagna	31-35	dip-tec-prof	italian
BOI099	artig	M	PBB028	emilia-romagna	31-35	dip-tec-prof	italian
BOI100	artig	M	PBB028	emilia-romagna	31-35	dip-tec-prof	italian
BOI101	tec	M	PBB029	emilia-romagna	31-35	dip-lic	italian
BOI102	intell	F	PBB030	emilia-romagna	31-35	laurea	italian
BOI103	pens	F	PBC024	emilia-romagna	over85	med	dialect
BOI104	pens	F	PBC024	emilia-romagna	66-70	laurea	italian
BOI105	tec	M	PBA026	emilia-romagna	16-20	dip-tec-prof	italian
BOI106	tec	M	PBA027	emilia-romagna	26-30	dip-tec-prof	italian
BOI107	tec	F	PBA027	emilia-romagna	26-30	laurea	italian
BOI108	comm	F	PBB031	emilia-romagna	56-60	laurea	italian
BOI109	comm	M	PBB031	emilia-romagna	56-60	dip-lic	italian
BOI110	stud	F	PBA028	emilia-romagna	21-25	laurea-in-corso	italian
BOI111	uff	M	PBA028	emilia-romagna	21-25	laurea	italian
BOI112	pens	F	PBC025	emilia-romagna	61-65	laurea	italian
BOI113	stud	F	PBA029	toscana	16-20	laurea-in-corso	italian
BOI114	tec	M	PBA029	emilia-romagna	26-30	dip-tec-prof	italian
BOI115	stud	F	PBA030	emilia-romagna	16-20	laurea-in-corso	italian
BOI116	stud	M	PBA030	emilia-romagna	21-25	laurea-in-corso	italian
BOI117	uff	F	PBB032	calabria	46-50	laurea	italian
BOI118	intell	M	PBB032	calabria	51-55	laurea	italian
BOI119	intell	M	PBB033	emilia-romagna	71-75	laurea	italian
BOR002	stud	F	PBC005;PBC009;PBC008;PBB003;PBB006	emilia-romagna	21-25	laurea-in-corso	italian
BOR003	stud	F	PBC002;PBA001	emilia-romagna	21-25	laurea-in-corso	italian
BOR004	stud	F	PBC006;PBB008;PBC004	emilia-romagna	21-25	laurea-in-corso	italian
BOR005	stud	M	PBB013;PBB014;PBB007;PBC012;PBC008;PBC007;PBB004	marche	21-25	laurea-in-corso	italian
BOR006	stud	M	PBB016;PBB008;PBB012;PBC020	emilia-romagna	21-25	laurea-in-corso	italian
BOR007	stud	F	PBB010;PBB011;PBB009	lombardia	21-25	laurea-in-corso	italian
BOR008	stud	F	PBC011	sardegna	16-20	laurea-in-corso	italian
BOR009	stud	F	PBB015;PBB019;PBC017;PBC013	piemonte	21-25	laurea-in-corso	italian
BOR011	stud	M	PBB017	sardegna	21-25	laurea-in-corso	italian
BOR012	stud	F	PBC021	emilia-romagna	21-25	laurea	italian
BOR013	stud	F	PBB018	emilia-romagna	21-25	laurea	italian
BOR014	stud	F	PBC022	emilia-romagna	21-25	laurea	italian
BOR015	stud	F	PBA003	umbria	21-25	laurea	italian
BOR016	stud	F	PBC023	emilia-romagna	21-25	laurea	italian
BOR017	tec	M	PBB020	sicilia	21-25	dip-tec-prof	N/A
BOR018	stud	F	PBA013;PBA012;PBA004	calabria	21-25	laurea-in-corso	italian
BOR021	stud	F	PBA011	sicilia	21-25	laurea-in-corso	italian
BOR022	stud	F	PBA018;PBA016;PBA019;PBA017	marche	21-25	laurea-in-corso	italian
BOR023	stud	F	PBB021;PBA019	marche	21-25	laurea-in-corso	italian
BOR024	stud	F	PBB022	emilia-romagna	21-25	laurea-in-corso	italian
BOR027	stud	F	PBB023	emilia-romagna	21-25	laurea-in-corso	italian
BOR029	stud	M	PBA020	emilia-romagna	21-25	laurea-in-corso	italian
BOR032	stud	F	PBB026	emilia-romagna	16-20	laurea-in-corso	italian
BOR037	stud	F	PBB033	emilia-romagna	21-25	laurea-in-corso	italian
BOR001	stud	F	PBB001;PBB002;PBB005;PBC001;PBC010;PBB012;PBC003	emilia-romagna	21-25	laurea-in-corso	italian
BOR010	stud	F	PBC019;PBA002;PBC018;PBC014;PBC015;PBC016	emilia-romagna	21-25	laurea-in-corso	italian
BOR019	stud	F	PBA009;PBA010;PBA005;PBA014;PBA015	emilia-romagna	21-25	laurea-in-corso	italian
BOR020	stud	F	PBA006;PBA007;PBA008;PBA016	trentino-alto-adige	21-25	laurea	italian
BOR025	stud	F	PBB022;PBB030;PBC025	emilia-romagna	21-25	laurea-in-corso	italian
BOR026	stud	M	PBB021;PBB023	sardegna	21-25	laurea-in-corso	italian
BOR028	stud	F	PBA029;PBA020	toscana	21-25	laurea-in-corso	italian
BOR030	stud	F	PBA021;PBB024;PBB025	emilia-romagna	21-25	laurea-in-corso	italian
BOR031	stud	M	PBA028;PBA030;PBB026;PBB032;PBB031	emilia-romagna	21-25	laurea-in-corso	italian
BOR035	stud	F	PBC025;PBB030	sicilia	21-25	laurea-in-corso	italian
BOR036	intell	F	PBB027;PBB028;PBB029;PBC024;PBA027	emilia-romagna	31-35	phd	italian
BOR034	stud	M	PBA025;PBA026	N/A	N/A	laurea-in-corso	N/A
