code	occupation	gender	conversations	school-region	age-range
BO002	stud	F	BOA3001	toscana	21-25
BO003	stud	F	BOA3001	emilia-romagna	21-25
BO005	stud	F	BOA1025	estero	21-25
BO007	stud	F	BOA3002	toscana	21-25
BO008	stud	M	BOA3002	puglia	21-25
BO009	stud	F	BOA3002	emilia-romagna	21-25
BO010	stud	F	BOA3002	emilia-romagna	21-25
BO013	intell	M	BOD1001	emilia-romagna	51-55
BO014	stud	F	BOD2001	emilia-romagna	21-25
BO016	stud	F	BOA3003	emilia-romagna	21-25
BO017	stud	F	BOA3003	emilia-romagna	21-25
BO018	stud	F	BOA3003	toscana	21-25
BO019	stud	F	BOA3003	lombardia	21-25
BO020	stud	F	BOA1001	campania	21-25
BO021	stud	F	BOA3004;BOA3006;BOD2005;BOA3007	campania	21-25
BO026	intell	F	BOA1001;BOA1002;BOA1003;BOA1004;BOA1005;BOA1006;BOA1007;BOA1008;BOA1009;BOA1010;BOA1011;BOA1012;BOA1013;BOA1014;BOA1015	basilicata	56-60
BO027	stud	F	BOA1004	marche	26-30
BO028	stud	F	BOA1002	molise	21-25
BO029	stud	F	BOA1002	sicilia	21-25
BO030	stud	F	BOA1002	sicilia	21-25
BO031	stud	F	BOA1002	sicilia	21-25
BO032	stud	F	BOA1002;BOA1003	emilia-romagna	21-25
BO033	stud	F	BOA1005	lazio	21-25
BO034	stud	F	BOA1006	veneto	21-25
BO035	stud	F	BOA1007	emilia-romagna	21-25
BO036	stud	M	BOA1008	calabria	26-30
BO037	stud	F	BOA1009	trentino-alto-adige	21-25
BO038	stud	F	BOA1010	campania	21-25
BO039	stud	F	BOA1010	marche	21-25
BO040	stud	F	BOA1011	basilicata	21-25
BO041	stud	F	BOA1011	puglia	26-30
BO042	stud	F	BOA1012	veneto	21-25
BO043	stud	F	BOA1013	abruzzo	21-25
BO044	stud	F	BOA1014	sicilia	26-30
BO045	stud	F	BOA1015	sardegna	26-30
BO046	stud	F	BOA3004	trentino-alto-adige	21-25
BO047	stud	M	BOA3004	puglia	21-25
BO048	stud	F	BOA3004;BOA3006;BOA3007	piemonte	21-25
BO049	stud	F	BOD2006;BOD2007;BOD2008;BOD2010;BOD2011	emilia-romagna	21-25
BO051	stud	M	BOD2006	emilia-romagna	26-30
BO052	stud	M	BOD2007	emilia-romagna	21-25
BO053	stud	M	BOD2008	emilia-romagna	21-25
BO054	stud	F	BOD2009	emilia-romagna	21-25
BO056	stud	M	BOD2009	emilia-romagna	21-25
BO057	stud	F	BOD2003	calabria	21-25
BO070	stud	F	BOD2003	N/A	N/A
BO071	stud	M	BOA3006;BOA3007	lombardia	21-25
BO072	stud	M	BOD2005;BOA3006;BOA3007	calabria	21-25
BO073	stud	F	BOD2005	basilicata	21-25
BO074	stud	M	BOD2010	emilia-romagna	21-25
BO075	stud	M	BOD2011	emilia-romagna	21-25
BO082	intell	M	BOA1016;BOA1017;BOA1018	emilia-romagna	41-45
BO083	stud	F	BOA1016	emilia-romagna	21-25
BO084	stud	F	BOA1017	veneto	21-25
BO085	stud	F	BOA1018	lombardia	21-25
BO086	stud	F	BOA3015	estero	21-25
BO087	intell	M	BOC1001;BOC1002;BOC1003;BOC1004	emilia-romagna	41-45
BO088	stud	F	BOC1001	emilia-romagna	21-25
BO089	stud	F	BOC1002	marche	21-25
BO090	stud	M	BOC1003	sicilia	21-25
BO091	stud	M	BOC1004	emilia-romagna	21-25
BO092	intell	M	BOC1006;BOD1003	emilia-romagna	61-65
BO093	intell	F	BOD1004	emilia-romagna	41-45
BO094	intell	F	BOD1005	toscana	66-70
BO095	stud	F	BOA3010;BOA3011;BOA3012;BOA3013	sicilia	21-25
BO096	stud	F	BOA3010	sicilia	21-25
BO097	stud	F	BOA3011;BOA3012;BOA3013	lombardia	21-25
BO098	stud	M	BOD2013	emilia-romagna	21-25
BO099	intell	F	BOD1006	emilia-romagna	66-70
BO100	intell	M	BOD1007	piemonte	31-35
BO102	intell	M	BOD1009	estero	31-35
BO103	intell	M	BOD1010	lazio	51-55
BO104	intell	F	BOC1005;BOC1007	emilia-romagna	36-40
BO105	stud	F	BOC1005	emilia-romagna	21-25
BO112	intell	F	BOD1011	emilia-romagna	51-55
BO113	stud	M	BOD2014	emilia-romagna	21-25
BO114	stud	F	BOD2015	veneto	21-25
BO115	stud	M	BOA3015;BOD2013;BOD2014;BOD2015	emilia-romagna	21-25
BO117	intell	F	BOC1008;BOC1009;BOA1025	lombardia	36-40
BO118	stud	F	BOD2018	marche	21-25
BO119	stud	F	BOD2016;BOD2017;BOD2019	umbria	21-25
BO120	stud	M	BOD2016	puglia	26-30
BO121	stud	M	BOD2017	abruzzo	21-25
BO122	stud	M	BOD2019	umbria	21-25
BO139	stud	M	BOA3016;BOA3017;BOA3018	emilia-romagna	21-25
BO140	stud	F	BOD2018	marche	26-30
BO141	stud	F	BOC1008	emilia-romagna	21-25
BO142	stud	F	BOC1009	toscana	21-25
BO143	stud	F	BOC1006	N/A	N/A
BO144	stud	F	BOC1007	emilia-romagna	21-25
BO145	stud	F	BOA3017;BOA3018	emilia-romagna	21-25
BO146	stud	M	BOA3017	marche	21-25
BO147	stud	M	BOA3017	marche	21-25
BO148	stud	F	BOA3016	lombardia	21-25
BO149	stud	M	BOA3019	emilia-romagna	21-25
BO150	stud	M	BOA3019	emilia-romagna	21-25
BO151	stud	M	BOA3019	emilia-romagna	21-25
BO152	stud	F	BOA3019;BOA3020	emilia-romagna	21-25
BO153	stud	F	BOA3020	emilia-romagna	21-25
BO154	stud	M	BOA3020	veneto	21-25
BO155	stud	F	BOA3021	emilia-romagna	21-25
BO156	stud	M	BOA3021	emilia-romagna	21-25
BO157	stud	M	BOA3021	emilia-romagna	21-25
BO158	stud	M	BOA3021	emilia-romagna	21-25
T0032	stud	M	TOA3005	piemonte	21-25
TO002	intell	M	TOC1001	toscana	46-50
TO003	stud	M	TOC1001	piemonte	21-25
TO004	intell	M	TOD1002	N/A	N/A
TO006	intell	M	TOC1002;TOC1003	piemonte	56-60
TO007	stud	M	TOC1002	piemonte	21-25
TO008	stud	M	TOC1003	piemonte	31-35
TO017	intell	M	TOD1005;TOD1005bis	piemonte	31-35
TO018	intell	M	TOC1004	piemonte	61-65
TO019	stud	F	TOC1004	sicilia	21-25
TO020	intell	F	TOC1004	piemonte	41-45
TO021	stud	F	TOC1005	piemonte	21-25
TO022	stud	F	TOC1006	campania	21-25
TO023	stud	M	TOC1007	piemonte	21-25
TO024	intell	F	TOC1005;TOC1006;TOC1007	piemonte	56-60
TO026	intell	M	TOA1001;TOA1002	piemonte	41-45
TO027	stud	M	TOA1001	piemonte	21-25
TO028	stud	F	TOA1002	piemonte	21-25
TO029	stud	F	TOA3001;TOA3002;TOA3003	piemonte	21-25
TO030	stud	F	TOA3005;TOA3006	liguria	21-25
TO031	stud	M	TOA3004	piemonte	21-25
TO033	stud	F	TOA3001	piemonte	21-25
TO034	stud	F	TOA3001	puglia	26-30
TO035	stud	M	TOA3002	piemonte	21-25
TO036	stud	F	TOA3003	lombardia	21-25
TO037	stud	F	TOA3003	piemonte	21-25
TO038	stud	M	TOA3004	piemonte	21-25
TO039	stud	M	TOA3004	piemonte	21-25
TO040	stud	F	TOA3004	piemonte	21-25
TO041	stud	F	TOD2005	piemonte	21-25
TO042	stud	M	TOD2006	piemonte	21-25
TO043	stud	F	TOD2007	piemonte	21-25
TO044	stud	F	TOD2008	piemonte	21-25
TO045	stud	F	TOD2009	piemonte	21-25
TO046	stud	M	TOD2010	piemonte	21-25
TO047	stud	F	TOD2011	piemonte	21-25
TO048	stud	F	TOA3007;TOA3008;TOA3009	sicilia	21-25
TO050	stud	M	TOA3007;TOA3008	campania	21-25
TO051	stud	F	TOA3008	calabria	26-30
TO052	stud	M	TOA3008;TOA3009	sicilia	26-30
TO053	stud	F	TOA3009	sicilia	21-25
TO054	stud	F	TOA3006	N/A	N/A
TO055	stud	F	TOD2005;TOD2007;TOD2008;TOD2009;TOD2010;TOD2011	piemonte	21-25
TO056	stud	F	TOD2012	piemonte	31-35
TO057	stud	F	TOD2013	calabria	26-30
TO058	stud	F	TOD2013	lombardia	21-25
TO059	stud	F	TOD2014	umbria	21-25
TO060	stud	F	TOD2014	marche	21-25
TO061	stud	F	TOA1003	valle-d-aosta	21-25
TO062	intell	F	TOD1008	valle-d-aosta	51-55
TO065	intell	M	TOA1003	piemonte	51-55
TO068	intell	F	TOD1014	sicilia	36-40
TO069	intell	M	TOD1015	calabria	46-50
TO070	intell	F	TOD1016	piemonte	46-50
TO071	stud	M	TOD2012;TOD2013;TOD2014;TOD2015;TOD2016;TOA1003	abruzzo	31-35
TO072	stud	F	TOA1004	piemonte	21-25
TO073	stud	F	TOD2015;TOA1004;TOD2015	piemonte	21-25
TO074	intell	M	TOA1004;TOA1006	piemonte	41-45
TO075	intell	M	TOA1005	friuli-venezia-giulia	41-45
TO076	stud	F	TOA1005	liguria	21-25
TO077	intell	M	TOD1017	piemonte	61-65
TO078	stud	F	TOA1006	piemonte	21-25
TO079	stud	M	TOA1006	piemonte	21-25
TO080	stud	F	TOD2016	lombardia	21-25
TO081	stud	F	TOD2002	piemonte	21-25
TO082	stud	F	TOD2001	piemonte	21-25
TO083	stud	F	TOD2003	piemonte	21-25
TO084	stud	F	TOD2004	piemonte	21-25
TO085	stud	F	TOA3010;TOA3011;TOA3012;TOA3013;TOA3014	lombardia	21-25
TO086	stud	F	TOA3010;TOA3011	piemonte	21-25
TO087	stud	F	TOA3011	piemonte	21-25
TO088	stud	F	TOA3011	piemonte	21-25
TO089	stud	F	TOA3012	piemonte	21-25
TO090	stud	F	TOA3012	piemonte	21-25
TO091	stud	F	TOA3014;TOA3012	umbria	21-25
TO092	stud	F	TOA3013	lombardia	21-25
TO093	stud	M	TOA3013	puglia	21-25
TO094	stud	F	TOA3013	lombardia	21-25
TO095	stud	F	TOA3014	umbria	21-25
TO999	intell	M	TOD2001;TOD2002;TOD2003;TOD2004;TOD2006;BOD2001;BOA1025;BOD1001	piemonte	26-30
