code	type	duration	participants-number	participants	languages	collection-point	year	unknown-participant	community
SBCA001	conversazione-libera	00:46:42	4	PSB033;PSB045;PSB044;PSB043	italiano;other	BO	_	yes	moroccan
SBCA002	conversazione-libera	00:49:12	3	PSB083;PSB084;PSB085	italiano;other	BO	_	no	moroccan
SBCA003	conversazione-libera	00:21:27	2	PSB099;PSB100	italiano;other	BO	_	no	moroccan
SBCA004	conversazione-libera	00:30:09	2	PSB099;PSB100	italiano;other	BO	_	no	moroccan
SBCA006	conversazione-libera	00:31:30	2	PSB125;PSB126	italiano;other	BO	_	no	moroccan
SBCA008	conversazione-libera	00:30:45	2	PSB140;PSB141	italiano;other	BO	_	yes	moroccan
SBCA009	conversazione-libera	00:16:36	2	PSB142;PSB143	italiano;other	BO	_	no	moroccan
SBCA010	conversazione-libera	00:25:31	3	PSB161;PSB162;PSB163	italiano;other	BO	_	no	moroccan
SBCA011	conversazione-libera	01:03:48	2	PSB164;PSB165	italiano;other	BO	_	yes	moroccan
SBCB001	conversazione-libera	00:31:24	4	PSB071;PSB072;PSB073;PSB074	italiano;other	BO	_	yes	bengali
SBCB002	conversazione-libera	00:35:05	4	PSB005;PSB093;PSB094;PSB095	italiano;other	BO	_	yes	bengali
SBCB003	conversazione-libera	00:32:40	2	PSB095;PSB118	italiano;other	BO	_	no	bengali
SBCB004	conversazione-libera	01:17:46	4	PSB054;PSB133;PSB134;PSB135	italiano;other	BO	_	yes	bengali
SBCB005	conversazione-libera	00:48:27	2	PSB049;PSB050	italiano	BO	_	no	bengali
SBCB006	conversazione-libera	00:31:21	4	PSB005;PSB093;PSB094;PSB095	italiano;other	BO	_	yes	bengali
SBCB007	conversazione-libera	00:28:51	3	PSB005;PSB093;PSB095	italiano;other	BO	_	yes	bengali
SBCB008	conversazione-libera	01:54:37	2	PSB151;PSB152	italiano;other	BO	_	yes	bengali
SBCC003	conversazione-libera	01:07:38	4	PSB101;PSB102;PSB103;PSB054	italiano;other	BO	_	no	chinese
SBCC004	conversazione-libera	01:19:46	2	PSB104;PSB105	italiano	BO	_	no	chinese
SBCC005	conversazione-libera	00:17:50	2	PSB109;PSB110	italiano;other	BO	_	no	chinese
SBCC006	conversazione-libera	00:40:00	2	PSB109;PSB110	italiano;other	BO	_	no	chinese
SBCC007	conversazione-libera	00:50:23	2	PSB113;PSB114	italiano;other	BO	_	yes	chinese
SBCC008	conversazione-libera	01:29:06	3	PSB104;PSB105;PSB119	italiano;other	BO	_	no	chinese
SBCC009	conversazione-libera	01:24:45	4	PSB104;PSB105;PSB119;PSB120	italiano;other	BO	_	no	chinese
SBCC010	conversazione-libera	00:49:25	2	PSB121;PSB122	italiano	BO	_	no	chinese
SBCC011	conversazione-libera	00:12:39	2	PSB121;PSB122	italiano	BO	_	no	chinese
SBCC012	conversazione-libera	00:41:59	2	PSB136;PSB137	italiano;other	BO	_	no	chinese
SBCU001	conversazione-libera	01:27:34	2	PSB005;PSB022	italiano;other	BO	_	yes	ukrainian
SBCU002	conversazione-libera	00:22:25	6	PSB005;PSB005;PSB087;PSB088;PSB089;PSB090;PSB086	italiano;other	BO	_	no	ukrainian
SBCU003	conversazione-libera	00:14:27	2	PSB091;PSB092	italiano	BO	_	no	ukrainian
SBCU005	conversazione-libera	00:41:10	2	PSB106;PSB107	italiano;other	BO	_	no	ukrainian
SBCU007	conversazione-libera	00:44:05	8	PSB005;PSB036;PSB086;PSB091;PSB127;PSB128;PSB129;PSB130	italiano;other	BO	_	yes	ukrainian
SBCU007bis	conversazione-libera	00:49:02	8	PSB005;PSB036;PSB086;PSB091;PSB127;PSB128;PSB129;PSB130	italiano;other	BO	_	no	ukrainian
SBCU007tris	conversazione-libera	00:23:48	8	PSB005;PSB036;PSB086;PSB091;PSB127;PSB128;PSB129;PSB130	italiano;other	BO	_	no	ukrainian
SBCU008	conversazione-libera	01:00:19	2	PSB005;PSB091	italiano;other	BO	_	yes	ukrainian
SBCU008bis	conversazione-libera	01:14:29	2	PSB005;PSB091	italiano;other	BO	_	yes	ukrainian
SBCU010	conversazione-libera	00:19:01	2	PSB149;PSB150	italiano;other	BO	_	no	ukrainian
SBIA002	intervista-semistrutturata	01:20:22	3	PSB005;PSB017;PSB016	italiano;other	BO	_	no	moroccan
SBIA003	intervista-semistrutturata	00:38:42	3	PSB005;PSB023;PSB024	italiano	BO	_	yes	moroccan
SBIA004	intervista-semistrutturata	00:23:00	3	PSB005;PSB025;PSB017	italiano;other	BO	_	yes	moroccan
SBIA005	intervista-semistrutturata	00:37:02	2	PSB005;PSB027	italiano;other	BO	_	yes	moroccan
SBIA006	intervista-semistrutturata	00:16:40	3	PSB014;PSB033;PSB034	italiano;other	BO	_	no	moroccan
SBIA008	intervista-semistrutturata	00:44:30	2	PSB005;PSB042	italiano;other	BO	_	no	moroccan
SBIA011	intervista-semistrutturata	00:33:57	3	PSB005;PSB063;PSB064	italiano;other	BO	_	no	moroccan
SBIA012	intervista-semistrutturata	00:47:32	3	PSB005;PSB065;PSB066	italiano;other	BO	_	yes	moroccan
SBIA013	intervista-semistrutturata	01:07:05	5	PSB005;PSB066;PSB067;PSB068;PSB069	italiano;other	BO	_	no	moroccan
SBIA014	intervista-semistrutturata	01:15:25	4	PSB005;PSB079;PSB080;PSB067	italiano;other	BO	_	yes	moroccan
SBIA015	intervista-semistrutturata	00:44:29	3	PSB144;PSB145;PSB146	italiano;other	BO	_	no	moroccan
SBIA017	intervista-semistrutturata	00:35:11	3	PSB146;PSB147;PSB153	italiano;other	BO	_	yes	moroccan
SBIA018	intervista-semistrutturata	00:39:10	2	PSB141;PSB156	italiano;other	BO	_	no	moroccan
SBIA019	intervista-semistrutturata	00:59:51	4	PSB157;PSB158;PSB159;PSB160	italiano;other	BO	_	no	moroccan
SBIB001	intervista-semistrutturata	01:03:20	2	PSB005;PSB021	italiano	BO	_	no	bengali
SBIB002	intervista-semistrutturata	00:37:17	3	PSB005;PSB026;PSB028	italiano;other	BO	_	yes	bengali
SBIB003	intervista-semistrutturata	00:38:54	3	PSB005;PSB029;PSB054	italiano;other	BO	_	no	bengali
SBIB004	intervista-semistrutturata	00:18:23	2	PSB005;PSB041	italiano	BO	_	yes	bengali
SBIB005	intervista-semistrutturata	00:24:42	6	PSB028;PSB054;PSB036;PSB051;PSB052;PSB053	italiano;other	BO	_	yes	bengali
SBIB006	intervista-semistrutturata	00:58:00	2	PSB049;PSB050	italiano;other	BO	_	no	bengali
SBIB007	intervista-semistrutturata	00:38:15	2	PSB005;PSB056	italiano;other	BO	_	yes	bengali
SBIB008	intervista-semistrutturata	00:39:35	3	PSB028;PSB054;PSB057	italiano;other	BO	_	yes	bengali
SBIB009	intervista-semistrutturata	00:20:19	2	PSB005;PSB058	italiano;other	BO	_	yes	bengali
SBIB010	intervista-semistrutturata	00:26:38	3	PSB005;PSB058;PSB059	italiano;other	BO	_	no	bengali
SBIB011	intervista-semistrutturata	00:56:19	2	PSB005;PSB062	italiano;other	BO	_	yes	bengali
SBIB012	intervista-semistrutturata	01:35:50	5	PSB005;PSB071;PSB072;PSB073;PSB074	italiano;other	BO	_	no	bengali
SBIB013	intervista-semistrutturata	01:18:41	3	PSB005;PSB075;PSB076	italiano;other	BO	_	yes	bengali
SBIC001	intervista-semistrutturata	01:00:07	3	PSB005;PSB002;PSB001	italiano;other	BO	_	no	chinese
SBIC002	intervista-semistrutturata	01:01:52	3	PSB005;PSB004;PSB003	italiano;other	BO	_	no	chinese
SBIC004	intervista-semistrutturata	00:51:19	2	PSB005;PSB008	italiano;other	BO	_	yes	chinese
SBIC005	intervista-semistrutturata	01:08:01	2	PSB005;PSB009	italiano;other	BO	_	yes	chinese
SBIC006	intervista-semistrutturata	01:08:00	2	PSB005;PSB013	italiano;other	BO	_	no	chinese
SBIC007	intervista-semistrutturata	00:16:06	3	PSB014;PSB033;PSB035	italiano;other	BO	_	yes	chinese
SBIC008	intervista-semistrutturata	00:34:17	4	PSB005;PSB036;PSB037;PSB038	italiano;other	BO	_	yes	chinese
SBIC009	intervista-semistrutturata	00:52:31	2	PSB005;PSB046	italiano	BO	_	yes	chinese
SBIC010	intervista-semistrutturata	00:40:15	2	PSB005;PSB077	italiano	BO	_	no	chinese
SBIC011	intervista-semistrutturata	00:41:42	2	PSB005;PSB078	italiano;other	BO	_	no	chinese
SBIC012	intervista-semistrutturata	01:07:32	3	PSB005;PSB081;PSB082	italiano	BO	_	yes	chinese
SBIU001	intervista-semistrutturata	01:20:54	2	PSB005;PSB007	italiano;other	BO	_	no	ukrainian
SBIU002	intervista-semistrutturata	01:08:46	2	PSB005;PSB010	italiano	BO	_	no	ukrainian
SBIU003	intervista-semistrutturata	01:30:05	2	PSB011;PSB012	italiano;other	BO	_	no	ukrainian
SBIU004	intervista-semistrutturata	01:25:48	2	PSB005;PSB018	italiano;other	BO	_	no	ukrainian
SBIU005	intervista-semistrutturata	01:06:08	2	PSB005;PSB019	italiano	BO	_	yes	ukrainian
SBIU006	intervista-semistrutturata	01:09:03	2	PSB005;PSB020	italiano;other	BO	_	yes	ukrainian
SBIU007	intervista-semistrutturata	00:37:19	3	PSB005;PSB030;PSB031	italiano;other	BO	_	yes	ukrainian
SBIU009	intervista-semistrutturata	00:24:14	2	PSB005;PSB039	italiano;other	BO	_	yes	ukrainian
SBIU010	intervista-semistrutturata	01:07:09	2	PSB005;PSB070	italiano;other	BO	_	no	ukrainian
